{
  "image_size": [
    1920,
    1080
  ],
  "rectangle_size_m": [
    3.0,
    2.0
  ],
  "corners_pixel": {
    "TL": [
      505.0,
      184.0
    ],
    "TR": [
      1584.0,
      201.0
    ],
    "BR": [
      1803.0,
      892.0
    ],
    "BL": [
      310.0,
      971.0
    ]
  },
  "corners_world_m": {
    "TL": [
      -1.5,
      1.0
    ],
    "TR": [
      1.5,
      1.0
    ],
    "BR": [
      1.5,
      -1.0
    ],
    "BL": [
      -1.5,
      -1.0
    ]
  },
  "homography_pixel_to_world": [
    [
      0.002771042771751074,
      -0.0001384792915183879,
      -2.9425184908223674
    ],
    [
      -4.175800239280446e-05,
      -0.0032179541889633565,
      1.6589394157959294
    ],
    [
      -0.0001007309484079919,
      0.0005250933845888123,
      1.0
    ]
  ],
  "poly_model": {
    "deg": 3,
    "coef_x": [
      -0.23396757314398312,
      9.501996379301936e-05,
      0.005370457305428122,
      0.027387511014961674,
      2.089142969134173,
      -0.556345830560937,
      0.3937651179533176,
      0.033936911821453,
      -0.0013340162935521448,
      0.0673598231218411
    ],
    "coef_y": [
      -0.016309889288184366,
      -1.213462208248103,
      0.19085075685439845,
      0.017090944799285523,
      -0.03744780255922235,
      0.015115300515312341,
      0.05727154805907977,
      0.12553508132891011,
      -0.5763354685089003,
      -0.09348391302910042
    ],
    "normalization": {
      "u_mean": 960.0,
      "v_mean": 540.0,
      "u_std": 960.0,
      "v_std": 540.0
    }
  },
  "residuals_mm": {
    "poly_rms": 11.126835044927752,
    "poly_max": 27.444223369502136,
    "poly_median": 8.617734466194598,
    "homography_rms": 156.59551536924292,
    "homography_max": 255.87055131476032
  },
  "note": "Calibration depuis red.mask.png (mask manuel pr\u00e9cis). Origine au centre de la table, X horizontal (3 m), Y profondeur (2 m), Z=0 plan du sol."
}