{
  "type": "camera_intrinsics",
  "model": "standard",
  "K": [
    [
      999.2891329240049,
      0.0,
      969.6178105752374
    ],
    [
      0.0,
      1000.3271364026637,
      559.3943224384949
    ],
    [
      0.0,
      0.0,
      1.0
    ]
  ],
  "dist": [
    [
      6.560192511094841,
      4.110888762048554,
      -0.00043700541223142117,
      -0.00024687330168361135,
      0.21597043657867648,
      6.969535557772536,
      6.746472244827266,
      1.1816784261726316,
      0.0026024455040890137,
      -0.00040424023869426985,
      0.0015810408593352908,
      -9.644173282030046e-05
    ]
  ],
  "image_size": [
    1920,
    1080
  ],
  "rms_px": 0.2787808613887281,
  "n_views": 29,
  "board": {
    "squares_x": 11,
    "squares_y": 8,
    "square_mm": 15.0,
    "marker_mm": 11.0,
    "dict": "4x4_50"
  },
  "calibrated_at": "2026-04-30T07:23:30"
}