{
  "type": "camera_intrinsics",
  "model": "fisheye",
  "K": [
    [
      999.1281762260791,
      0.0,
      978.8202203643029
    ],
    [
      0.0,
      1000.1449150129355,
      564.0369155859806
    ],
    [
      0.0,
      0.0,
      1.0
    ]
  ],
  "dist": [
    [
      -0.08304916466664228
    ],
    [
      0.007762217140145559
    ],
    [
      0.003342977934066552
    ],
    [
      -0.0041895108401312125
    ]
  ],
  "image_size": [
    1920,
    1080
  ],
  "rms_px": 0.2804188466817202,
  "n_views": 29,
  "board": {
    "squares_x": 11,
    "squares_y": 8,
    "square_mm": 15.0,
    "marker_mm": 11.0,
    "dict": "4x4_100"
  },
  "calibrated_at": "2026-04-30T09:18:59"
}