{
  "type": "poly_table_calibration",
  "convention": "twinvision_topleft_mm",
  "table_size_mm": [
    3000.0,
    2000.0
  ],
  "image_size": [
    1920,
    1080
  ],
  "calibrated_at": "2026-04-30T00:22:55",
  "note": "Calibration TwinVision (UI)",
  "poly_model": {
    "deg": 3,
    "coef_x": [
      1707.8152837478713,
      -16.949368490585414,
      10.099673183162679,
      -51.049865113274,
      2051.659275547897,
      -546.0759705942509,
      397.7476615951572,
      -36.42117246340922,
      0.35009740629304886,
      59.298276714595254
    ],
    "coef_y": [
      1099.868663804999,
      1179.5899512624064,
      -212.52392700427242,
      -1.0618422254519544,
      0.3623817891917298,
      43.401236727683916,
      16.32177888165512,
      -106.74491599874545,
      597.3795192889604,
      -53.99850841286063
    ],
    "normalization": {
      "u_mean": 960.0,
      "v_mean": 540.0,
      "u_std": 960.0,
      "v_std": 540.0
    }
  },
  "homography_pixel_to_mm": [
    [
      3.485161858952993,
      1.0700919510588056,
      -1365.2507997614023
    ],
    [
      0.11530470441530874,
      4.5694827305326,
      -838.6324679355791
    ],
    [
      9.472086363307116e-05,
      0.0006759679694032044,
      1.0
    ]
  ],
  "corners_pixel": {
    "TL": [
      338.0,
      175.0
    ],
    "TR": [
      1408.0,
      148.0
    ],
    "BR": [
      1639.0,
      920.0
    ],
    "BL": [
      120.0,
      885.0
    ]
  },
  "residuals_mm": {
    "poly_rms": 11.828994036056756,
    "poly_max": 29.750165307309203,
    "poly_median": 9.60391745722964,
    "homography_rms": 153.0229240023263,
    "homography_max": 244.8439940711639
  }
}