{
  "yellow": {
    "object_z_mm": 557.828906805891,
    "cam_xyz": [
      1275.0,
      0.0,
      1410.0
    ],
    "pairs": [
      {
        "t_mono": 2650.998881637,
        "tag_id": 6,
        "naive_x": -285.77898853884835,
        "naive_y": 461.1358840291889,
        "true_x": 345.0,
        "true_y": 295.0
      },
      {
        "t_mono": 2657.469498717,
        "tag_id": 6,
        "naive_x": -254.9486207716509,
        "naive_y": 1068.1256230486927,
        "true_x": 346.0,
        "true_y": 644.0
      },
      {
        "t_mono": 2664.230170092,
        "tag_id": 6,
        "naive_x": 11.369142786882549,
        "naive_y": 1659.8675496216076,
        "true_x": 494.0,
        "true_y": 995.0
      },
      {
        "t_mono": 2671.428879055,
        "tag_id": 6,
        "naive_x": 832.853478722669,
        "naive_y": 1412.9302168997415,
        "true_x": 996.0,
        "true_y": 855.0
      }
    ],
    "t_iso": "2026-05-10 12:02:33"
  }
}